PassengerId,Survived,Pclass,Age,SibSp,Parch,Fare,Sex_male,Embarked_Q,Embarked_S
1,0,3,0.375,0.2,0.0,0.11153846153846154,1,0,1
3,1,3,0.4583333333333333,0.0,0.0,0.12192307692307693,0,0,1
4,1,1,0.6458333333333333,0.2,0.0,0.816923076923077,0,0,1
5,0,3,0.6458333333333333,0.0,0.0,0.12384615384615387,1,0,1
6,0,3,0.49999999999999994,0.0,0.0,0.1301276923076923,1,1,0
9,1,3,0.4791666666666667,0.0,0.3333333333333333,0.17128153846153849,0,0,1
10,1,2,0.20833333333333331,0.2,0.0,0.4626276923076923,0,0,0
11,1,3,0.0,0.2,0.16666666666666666,0.2569230769230769,0,0,1
13,0,3,0.3333333333333333,0.0,0.0,0.12384615384615387,1,0,1
14,0,3,0.7291666666666666,0.2,0.8333333333333333,0.48115384615384615,1,0,1
15,0,3,0.20833333333333331,0.0,0.0,0.12083384615384615,0,0,1
18,1,2,0.49999999999999994,0.0,0.0,0.2,1,0,1
19,0,3,0.5624999999999999,0.2,0.0,0.27692307692307694,0,0,1
20,1,3,0.49999999999999994,0.0,0.0,0.11115384615384616,0,0,0
21,0,2,0.6458333333333333,0.0,0.0,0.4,1,0,1
22,1,2,0.6249999999999999,0.0,0.0,0.2,1,0,1
23,1,3,0.22916666666666669,0.0,0.0,0.12352615384615384,0,1,0
24,1,1,0.49999999999999994,0.0,0.0,0.5461538461538462,1,0,1
25,0,3,0.08333333333333333,0.6000000000000001,0.16666666666666666,0.3242307692307692,0,0,1
26,1,3,0.7083333333333333,0.2,0.8333333333333333,0.4828846153846154,0,0,1
27,0,3,0.49999999999999994,0.0,0.0,0.11115384615384616,1,0,0
29,1,3,0.49999999999999994,0.0,0.0,0.12121846153846154,0,1,0
30,0,3,0.49999999999999994,0.0,0.0,0.12147384615384617,1,0,1
31,0,1,0.7499999999999999,0.0,0.0,0.4264738461538462,1,0,0
33,1,3,0.49999999999999994,0.0,0.0,0.11923076923076924,0,1,0
36,0,1,0.7916666666666666,0.2,0.0,0.8,1,0,1
37,1,3,0.49999999999999994,0.0,0.0,0.11121846153846154,1,0,0
38,0,3,0.3541666666666667,0.0,0.0,0.12384615384615387,1,0,1
39,0,3,0.2916666666666667,0.4,0.0,0.27692307692307694,0,0,1
40,1,3,0.20833333333333331,0.2,0.0,0.17294923076923077,0,0,0
41,0,3,0.7499999999999999,0.2,0.0,0.14576923076923076,0,0,1
42,0,2,0.4791666666666667,0.2,0.0,0.3230769230769231,0,0,1
43,0,3,0.49999999999999994,0.0,0.0,0.12147384615384617,1,0,0
45,1,3,0.3125,0.0,0.0,0.12121846153846154,0,1,0
46,0,3,0.49999999999999994,0.0,0.0,0.12384615384615387,1,0,1
47,0,3,0.49999999999999994,0.2,0.0,0.23846153846153847,1,1,0
48,1,3,0.49999999999999994,0.0,0.0,0.11923076923076924,0,1,0
49,0,3,0.49999999999999994,0.4,0.0,0.3335261538461539,1,0,0
50,0,3,0.2916666666666667,0.2,0.0,0.27384615384615385,0,0,1
51,0,3,0.062499999999999986,0.8,0.16666666666666666,0.6105769230769231,1,0,1
52,0,3,0.3541666666666667,0.0,0.0,0.12000000000000001,1,0,1
54,1,2,0.5208333333333333,0.2,0.0,0.4,0,0,1
56,1,1,0.49999999999999994,0.0,0.0,0.5461538461538462,1,0,1
57,1,2,0.3541666666666667,0.0,0.0,0.16153846153846155,0,0,1
58,0,3,0.5104166666666666,0.0,0.0,0.11121846153846154,1,0,0
59,1,2,0.02083333333333333,0.2,0.3333333333333333,0.42692307692307696,0,0,1
60,0,3,0.14583333333333331,1.0,0.3333333333333333,0.7215384615384616,1,0,1
61,0,3,0.375,0.0,0.0,0.11121846153846154,1,0,0
64,0,3,0.0,0.6000000000000001,0.3333333333333333,0.42923076923076925,1,0,1
65,0,1,0.49999999999999994,0.0,0.0,0.4264738461538462,1,0,0
66,1,3,0.49999999999999994,0.2,0.16666666666666666,0.23455076923076923,1,0,0
67,1,2,0.5208333333333333,0.0,0.0,0.16153846153846155,0,0,1
68,0,3,0.3125,0.0,0.0,0.1255123076923077,1,0,1
69,1,3,0.2708333333333333,0.8,0.3333333333333333,0.12192307692307693,0,0,1
70,0,3,0.4583333333333333,0.4,0.0,0.13326923076923078,1,0,1
71,0,2,0.5833333333333333,0.0,0.0,0.16153846153846155,1,0,1
72,0,3,0.25,1.0,0.3333333333333333,0.7215384615384616,0,0,1
74,0,3,0.4583333333333333,0.2,0.0,0.2223723076923077,1,0,0
75,1,3,0.5833333333333333,0.0,0.0,0.8691661538461539,1,0,1
76,0,3,0.43749999999999994,0.0,0.0,0.11769230769230771,1,0,1
77,0,3,0.49999999999999994,0.0,0.0,0.12147384615384617,1,0,1
78,0,3,0.49999999999999994,0.0,0.0,0.12384615384615387,1,0,1
80,1,3,0.5416666666666666,0.0,0.0,0.19192307692307692,0,0,1
81,0,3,0.375,0.0,0.0,0.13846153846153847,1,0,1
82,1,3,0.5208333333333333,0.0,0.0,0.14615384615384616,1,0,1
83,1,3,0.49999999999999994,0.0,0.0,0.11980769230769231,0,1,0
84,0,1,0.49999999999999994,0.0,0.0,0.7246153846153847,1,0,1
85,1,2,0.2708333333333333,0.0,0.0,0.16153846153846155,0,0,1
86,1,3,0.6041666666666666,0.6000000000000001,0.0,0.24384615384615385,0,0,1
87,0,3,0.25,0.2,0.5,0.5288461538461539,1,0,1
88,0,3,0.49999999999999994,0.0,0.0,0.12384615384615387,1,0,1
90,0,3,0.4166666666666667,0.0,0.0,0.12384615384615387,1,0,1
91,0,3,0.5208333333333333,0.0,0.0,0.12384615384615387,1,0,1
92,0,3,0.3333333333333333,0.0,0.0,0.12083384615384615,1,0,1
93,0,1,0.8749999999999999,0.2,0.0,0.9411538461538461,1,0,1
94,0,3,0.4583333333333333,0.2,0.3333333333333333,0.31653846153846155,1,0,1
96,0,3,0.49999999999999994,0.0,0.0,0.12384615384615387,1,0,1
98,1,1,0.3958333333333333,0.0,0.16666666666666666,0.9747430769230769,1,0,0
99,1,2,0.6249999999999999,0.0,0.16666666666666666,0.35384615384615387,0,0,1
100,0,2,0.6249999999999999,0.2,0.0,0.4,1,0,1
101,0,3,0.49999999999999994,0.0,0.0,0.12147384615384617,0,0,1
102,0,3,0.49999999999999994,0.0,0.0,0.12147384615384617,1,0,1
104,0,3,0.6041666666666666,0.0,0.0,0.13314153846153845,1,0,1
105,0,3,0.6874999999999999,0.4,0.0,0.12192307692307693,1,0,1
106,0,3,0.49999999999999994,0.0,0.0,0.12147384615384617,1,0,1
107,1,3,0.3541666666666667,0.0,0.0,0.11769230769230771,0,0,1
108,1,3,0.49999999999999994,0.0,0.0,0.11961538461538462,1,0,1
109,0,3,0.7083333333333333,0.0,0.0,0.12147384615384617,1,0,1
110,1,3,0.49999999999999994,0.2,0.0,0.37153846153846154,0,1,0
111,0,1,0.8958333333333333,0.0,0.0,0.8,1,0,1
112,0,3,0.21875,0.2,0.0,0.2223723076923077,0,0,0
113,0,3,0.375,0.0,0.0,0.12384615384615387,1,0,1
114,0,3,0.3333333333333333,0.2,0.0,0.15115384615384614,0,0,1
115,0,3,0.2708333333333333,0.0,0.0,0.22243538461538462,0,0,0
116,0,3,0.3541666666666667,0.0,0.0,0.12192307692307693,1,0,1
118,0,2,0.5208333333333333,0.2,0.0,0.3230769230769231,1,0,1
122,0,3,0.49999999999999994,0.0,0.0,0.12384615384615387,1,0,1
123,0,2,0.5937499999999999,0.2,0.0,0.4626276923076923,1,0,0
124,1,2,0.5937499999999999,0.0,0.0,0.2,0,0,1
126,1,3,0.16666666666666669,0.2,0.0,0.17294923076923077,1,0,0
127,0,3,0.49999999999999994,0.0,0.0,0.11923076923076924,1,1,0
128,1,3,0.4166666666666667,0.0,0.0,0.1098723076923077,1,0,1
129,1,3,0.49999999999999994,0.2,0.16666666666666666,0.3439738461538462,0,0,0
130,0,3,0.8541666666666666,0.0,0.0,0.10730769230769231,1,0,1
131,0,3,0.6041666666666666,0.0,0.0,0.12147384615384617,1,0,0
132,0,3,0.3333333333333333,0.0,0.0,0.10846153846153847,1,0,1
133,0,3,0.8958333333333333,0.2,0.0,0.2230769230769231,0,0,1
134,1,2,0.5208333333333333,0.2,0.0,0.4,0,0,1
135,0,2,0.43749999999999994,0.0,0.0,0.2,1,0,1
136,0,2,0.3958333333333333,0.0,0.0,0.23147384615384617,1,0,0
137,1,1,0.3125,0.0,0.3333333333333333,0.40435846153846156,0,0,1
138,0,1,0.6874999999999999,0.2,0.0,0.816923076923077,1,0,1
139,0,3,0.25,0.0,0.0,0.1417953846153846,1,0,1
141,0,3,0.49999999999999994,0.0,0.3333333333333333,0.23455076923076923,0,0,0
142,1,3,0.375,0.0,0.0,0.11923076923076924,0,0,1
143,1,3,0.4166666666666667,0.2,0.0,0.24384615384615385,0,0,1
144,0,3,0.3125,0.0,0.0,0.10384615384615385,1,1,0
145,0,2,0.2916666666666667,0.0,0.0,0.17692307692307693,1,0,1
146,0,2,0.3125,0.2,0.16666666666666666,0.5653846153846154,1,0,1
147,1,3,0.4791666666666667,0.0,0.0,0.11993538461538462,1,0,1
148,0,3,0.10416666666666667,0.4,0.3333333333333333,0.5288461538461539,0,0,1
149,0,2,0.6770833333333333,0.0,0.3333333333333333,0.4,1,0,1
150,0,2,0.7916666666666666,0.0,0.0,0.2,1,0,1
151,0,2,0.9791666666666666,0.0,0.0,0.19269230769230772,1,0,1
154,0,3,0.7604166666666666,0.0,0.3333333333333333,0.2230769230769231,1,0,1
155,0,3,0.49999999999999994,0.0,0.0,0.1125,1,0,1
156,0,1,0.9791666666666666,0.0,0.16666666666666666,0.9442953846153846,1,0,0
157,1,3,0.25,0.0,0.0,0.11897384615384615,0,1,0
158,0,3,0.5416666666666666,0.0,0.0,0.12384615384615387,1,0,1
159,0,3,0.49999999999999994,0.0,0.0,0.13326923076923078,1,0,1
161,0,3,0.8333333333333333,0.0,0.16666666666666666,0.24769230769230774,1,0,1
162,1,2,0.7499999999999999,0.0,0.0,0.24230769230769234,0,0,1
163,0,3,0.4583333333333333,0.0,0.0,0.11961538461538462,1,0,1
164,0,3,0.2708333333333333,0.0,0.0,0.13326923076923078,1,0,1
166,1,3,0.10416666666666667,0.0,0.3333333333333333,0.31576923076923075,1,0,1
167,1,1,0.49999999999999994,0.0,0.16666666666666666,0.8461538461538463,0,0,1
168,0,3,0.8541666666666666,0.2,0.6666666666666666,0.42923076923076925,0,0,1
169,0,1,0.49999999999999994,0.0,0.0,0.3988461538461539,1,0,1
170,0,3,0.49999999999999994,0.0,0.0,0.8691661538461539,1,0,1
172,0,3,0.0,0.8,0.16666666666666666,0.4480769230769231,1,1,0
174,0,3,0.3541666666666667,0.0,0.0,0.12192307692307693,1,0,1
176,0,3,0.2916666666666667,0.2,0.16666666666666666,0.12083384615384615,1,0,1
177,0,3,0.49999999999999994,0.6000000000000001,0.16666666666666666,0.3917953846153846,1,0,1
178,0,1,0.9583333333333331,0.0,0.0,0.44173076923076926,0,0,0
179,0,2,0.5416666666666666,0.0,0.0,0.2,1,0,1
180,0,3,0.6666666666666666,0.0,0.0,0.0,1,0,1
182,0,2,0.49999999999999994,0.0,0.0,0.23153846153846155,1,0,0
183,0,3,0.10416666666666667,0.8,0.3333333333333333,0.4828846153846154,1,0,1
185,1,3,0.0,0.0,0.3333333333333333,0.33884615384615385,0,0,1
186,0,1,0.49999999999999994,0.0,0.0,0.7692307692307693,1,0,1
187,1,3,0.49999999999999994,0.2,0.0,0.23846153846153847,0,1,0
188,1,1,0.8541666666666666,0.0,0.0,0.4084615384615385,1,0,1
189,0,3,0.7499999999999999,0.2,0.16666666666666666,0.23846153846153847,1,1,0
190,0,3,0.6666666666666666,0.0,0.0,0.12147384615384617,1,0,1
191,1,2,0.5833333333333333,0.0,0.0,0.2,0,0,1
192,0,2,0.3125,0.0,0.0,0.2,1,0,1
193,1,3,0.3125,0.2,0.0,0.12083384615384615,0,0,1
195,1,1,0.8333333333333333,0.0,0.0,0.4264738461538462,0,0,0
197,0,3,0.49999999999999994,0.0,0.0,0.11923076923076924,1,1,0
198,0,3,0.7916666666666666,0.0,0.16666666666666666,0.12929538461538462,1,0,1
199,1,3,0.49999999999999994,0.0,0.0,0.11923076923076924,0,1,0
200,0,2,0.4166666666666667,0.0,0.0,0.2,0,0,1
201,0,3,0.49999999999999994,0.0,0.0,0.14615384615384616,1,0,1
203,0,3,0.6249999999999999,0.0,0.0,0.09993538461538462,1,0,1
204,0,3,0.8645833333333333,0.0,0.0,0.11115384615384616,1,0,0
205,1,3,0.2916666666666667,0.0,0.0,0.12384615384615387,1,0,1
207,0,3,0.5833333333333333,0.2,0.0,0.24384615384615385,1,0,1
208,1,3,0.4583333333333333,0.0,0.0,0.2890384615384616,1,0,0
209,1,3,0.25,0.0,0.0,0.11923076923076924,0,1,0
210,1,1,0.7499999999999999,0.0,0.0,0.47692307692307695,1,0,0
211,0,3,0.4166666666666667,0.0,0.0,0.10846153846153847,1,0,1
212,1,2,0.6458333333333333,0.0,0.0,0.3230769230769231,0,0,1
213,0,3,0.375,0.0,0.0,0.11153846153846154,1,0,1
214,0,2,0.5416666666666666,0.0,0.0,0.2,1,0,1
215,0,3,0.49999999999999994,0.2,0.0,0.11923076923076924,1,1,0
217,1,3,0.4791666666666667,0.0,0.0,0.12192307692307693,0,0,1
218,0,2,0.7916666666666666,0.2,0.0,0.4153846153846154,1,0,1
220,0,2,0.5416666666666666,0.0,0.0,0.16153846153846155,1,0,1
221,1,3,0.25,0.0,0.0,0.12384615384615387,1,0,1
222,0,2,0.4791666666666667,0.0,0.0,0.2,1,0,1
223,0,3,0.9791666666666666,0.0,0.0,0.12384615384615387,1,0,1
224,0,3,0.49999999999999994,0.0,0.0,0.12147384615384617,1,0,1
226,0,3,0.375,0.0,0.0,0.14384615384615385,1,0,1
227,1,2,0.3125,0.0,0.0,0.16153846153846155,1,0,1
228,0,3,0.34375,0.0,0.0,0.11153846153846154,1,0,1
229,0,2,0.2916666666666667,0.0,0.0,0.2,1,0,1
230,0,3,0.49999999999999994,0.6000000000000001,0.16666666666666666,0.3917953846153846,0,0,1
232,0,3,0.5208333333333333,0.0,0.0,0.11961538461538462,1,0,1
234,1,3,0.02083333333333333,0.8,0.3333333333333333,0.4828846153846154,0,0,1
235,0,2,0.4166666666666667,0.0,0.0,0.16153846153846155,1,0,1
236,0,3,0.49999999999999994,0.0,0.0,0.11615384615384616,0,0,1
237,0,2,0.8333333333333333,0.2,0.0,0.4,1,0,1
238,1,2,0.08333333333333333,0.0,0.3333333333333333,0.40384615384615385,0,0,1
239,0,2,0.3125,0.0,0.0,0.16153846153846155,1,0,1
240,0,2,0.6041666666666666,0.0,0.0,0.18884615384615386,1,0,1
241,0,3,0.49999999999999994,0.2,0.0,0.2223723076923077,0,0,0
242,1,3,0.49999999999999994,0.2,0.0,0.23846153846153847,0,1,0
243,0,2,0.5208333333333333,0.0,0.0,0.16153846153846155,1,0,1
244,0,3,0.375,0.0,0.0,0.10961538461538461,1,0,1
245,0,3,0.5416666666666666,0.0,0.0,0.11115384615384616,1,0,0
247,0,3,0.43749999999999994,0.0,0.0,0.11961538461538462,0,0,1
248,1,2,0.4166666666666667,0.0,0.3333333333333333,0.2230769230769231,0,0,1
249,1,1,0.6874999999999999,0.2,0.16666666666666666,0.8085261538461539,1,0,1
251,0,3,0.49999999999999994,0.0,0.0,0.11153846153846154,1,0,1
252,0,3,0.5208333333333333,0.2,0.16666666666666666,0.1609615384615385,0,0,1
254,0,3,0.5416666666666666,0.2,0.0,0.24769230769230774,1,0,1
255,0,3,0.7708333333333333,0.0,0.3333333333333333,0.31096153846153846,0,0,1
256,1,3,0.5208333333333333,0.0,0.3333333333333333,0.23455076923076923,0,0,0
260,1,2,0.9583333333333331,0.0,0.16666666666666666,0.4,0,0,1
261,0,3,0.49999999999999994,0.0,0.0,0.11923076923076924,1,1,0
264,0,1,0.7499999999999999,0.0,0.0,0.0,1,0,1
265,0,3,0.49999999999999994,0.0,0.0,0.11923076923076924,0,1,0
266,0,2,0.6666666666666666,0.0,0.0,0.16153846153846155,1,0,1
267,0,3,0.25,0.8,0.16666666666666666,0.6105769230769231,1,0,1
268,1,3,0.43749999999999994,0.2,0.0,0.11961538461538462,1,0,1
271,0,1,0.49999999999999994,0.0,0.0,0.47692307692307695,1,0,1
272,1,3,0.43749999999999994,0.0,0.0,0.0,1,0,1
273,1,2,0.7708333333333333,0.0,0.16666666666666666,0.30000000000000004,0,0,1
274,0,1,0.6874999999999999,0.0,0.16666666666666666,0.45692307692307693,1,0,0
275,1,3,0.49999999999999994,0.0,0.0,0.11923076923076924,0,1,0
277,0,3,0.8541666666666666,0.0,0.0,0.11923076923076924,0,0,1
278,0,2,0.49999999999999994,0.0,0.0,0.0,1,0,1
279,0,3,0.062499999999999986,0.8,0.16666666666666666,0.4480769230769231,1,1,0
280,1,3,0.6458333333333333,0.2,0.16666666666666666,0.31153846153846154,0,0,1
282,0,3,0.49999999999999994,0.0,0.0,0.12083384615384615,1,0,1
283,0,3,0.25,0.0,0.0,0.14615384615384616,1,0,1
284,1,3,0.3125,0.0,0.0,0.12384615384615387,1,0,1
285,0,1,0.49999999999999994,0.0,0.0,0.4,1,0,1
286,0,3,0.6041666666666666,0.0,0.0,0.13326923076923078,1,0,0
287,1,3,0.5416666666666666,0.0,0.0,0.14615384615384616,1,0,1
288,0,3,0.375,0.0,0.0,0.12147384615384617,1,0,1
289,1,2,0.7916666666666666,0.0,0.0,0.2,1,0,1
290,1,3,0.375,0.0,0.0,0.11923076923076924,0,1,0
293,0,2,0.6666666666666666,0.0,0.0,0.1980769230769231,1,0,0
294,0,3,0.4166666666666667,0.0,0.0,0.13615384615384615,0,0,1
295,0,3,0.4166666666666667,0.0,0.0,0.12147384615384617,1,0,1
296,0,1,0.49999999999999994,0.0,0.0,0.4264738461538462,1,0,0
297,0,3,0.40625,0.0,0.0,0.11121846153846154,1,0,0
299,1,1,0.49999999999999994,0.0,0.0,0.46923076923076923,1,0,1
301,1,3,0.49999999999999994,0.0,0.0,0.11923076923076924,0,1,0
302,1,3,0.49999999999999994,0.4,0.0,0.3576923076923077,1,1,0
303,0,3,0.3125,0.0,0.0,0.0,1,0,1
304,1,2,0.49999999999999994,0.0,0.0,0.19,0,1,0
305,0,3,0.49999999999999994,0.0,0.0,0.12384615384615387,1,0,1
309,0,2,0.5416666666666666,0.2,0.0,0.36923076923076925,1,0,0
310,1,1,0.5416666666666666,0.0,0.0,0.8758338461538462,0,0,0
313,0,2,0.4583333333333333,0.2,0.16666666666666666,0.4,0,0,1
314,0,3,0.49999999999999994,0.0,0.0,0.12147384615384617,1,0,1
315,0,2,0.8124999999999999,0.2,0.16666666666666666,0.40384615384615385,1,0,1
316,1,3,0.4583333333333333,0.0,0.0,0.12083384615384615,0,0,1
317,1,2,0.4166666666666667,0.2,0.0,0.4,0,0,1
321,0,3,0.375,0.0,0.0,0.11153846153846154,1,0,1
322,0,3,0.4791666666666667,0.0,0.0,0.12147384615384617,1,0,1
323,1,2,0.5416666666666666,0.0,0.0,0.19,0,1,0
324,1,2,0.375,0.2,0.16666666666666666,0.4461538461538462,0,0,1
328,1,2,0.6666666666666666,0.0,0.0,0.2,0,0,1
329,1,3,0.5624999999999999,0.2,0.16666666666666666,0.31576923076923075,0,0,1
330,1,1,0.25,0.0,0.16666666666666666,0.8919876923076924,0,0,0
331,1,3,0.49999999999999994,0.4,0.0,0.3576923076923077,0,1,0
332,0,1,0.8645833333333333,0.0,0.0,0.43846153846153846,1,0,1
334,0,3,0.25,0.4,0.0,0.27692307692307694,1,0,1
336,0,3,0.49999999999999994,0.0,0.0,0.12147384615384617,1,0,1
339,1,3,0.8541666666666666,0.0,0.0,0.12384615384615387,1,0,1
340,0,1,0.8541666666666666,0.0,0.0,0.5461538461538462,1,0,1
343,0,2,0.49999999999999994,0.0,0.0,0.2,1,0,1
344,0,2,0.43749999999999994,0.0,0.0,0.2,1,0,1
345,0,2,0.6666666666666666,0.0,0.0,0.2,1,0,1
346,1,2,0.4166666666666667,0.0,0.0,0.2,0,0,1
347,1,2,0.7499999999999999,0.0,0.0,0.2,0,0,1
348,1,3,0.49999999999999994,0.2,0.0,0.24769230769230774,0,0,1
350,0,3,0.7916666666666666,0.0,0.0,0.13326923076923078,1,0,1
351,0,3,0.3958333333333333,0.0,0.0,0.14192307692307693,1,0,1
352,0,1,0.49999999999999994,0.0,0.0,0.5384615384615385,1,0,1
353,0,3,0.22916666666666669,0.2,0.16666666666666666,0.11121846153846154,1,0,0
354,0,3,0.43749999999999994,0.2,0.0,0.27384615384615385,1,0,1
355,0,3,0.49999999999999994,0.0,0.0,0.11115384615384616,1,0,0
356,0,3,0.49999999999999994,0.0,0.0,0.14615384615384616,1,0,1
357,1,1,0.375,0.0,0.16666666666666666,0.8461538461538463,0,0,1
358,0,2,0.7083333333333333,0.0,0.0,0.2,0,0,1
359,1,3,0.49999999999999994,0.0,0.0,0.12121846153846154,0,1,0
360,1,3,0.49999999999999994,0.0,0.0,0.12121846153846154,0,1,0
361,0,3,0.7499999999999999,0.2,0.6666666666666666,0.42923076923076925,1,0,1
362,0,2,0.5208333333333333,0.2,0.0,0.4264738461538462,1,0,0
363,0,3,0.8541666666666666,0.0,0.16666666666666666,0.2223723076923077,0,0,0
364,0,3,0.6458333333333333,0.0,0.0,0.10846153846153847,1,0,1
365,0,3,0.49999999999999994,0.2,0.0,0.23846153846153847,1,1,0
366,0,3,0.5416666666666666,0.0,0.0,0.11153846153846154,1,0,1
368,1,3,0.49999999999999994,0.0,0.0,0.11121846153846154,0,0,0
369,1,3,0.49999999999999994,0.0,0.0,0.11923076923076924,0,1,0
371,1,1,0.43749999999999994,0.2,0.0,0.8529492307692308,1,0,0
372,0,3,0.2916666666666667,0.2,0.0,0.09993538461538462,1,0,1
373,0,3,0.3125,0.0,0.0,0.12384615384615387,1,0,1
377,1,3,0.375,0.0,0.0,0.11153846153846154,0,0,1
379,0,3,0.3333333333333333,0.0,0.0,0.061730769230769235,1,0,0
380,0,3,0.3125,0.0,0.0,0.11961538461538462,1,0,1
383,0,3,0.5833333333333333,0.0,0.0,0.12192307692307693,1,0,1
384,1,1,0.6458333333333333,0.2,0.0,0.8,0,0,1
385,0,3,0.49999999999999994,0.0,0.0,0.12147384615384617,1,0,1
388,1,2,0.6666666666666666,0.0,0.0,0.2,0,0,1
389,0,3,0.49999999999999994,0.0,0.0,0.11891076923076924,1,1,0
390,1,2,0.2708333333333333,0.0,0.0,0.18461538461538463,0,0,0
392,1,3,0.3541666666666667,0.0,0.0,0.11993538461538462,1,0,1
393,0,3,0.49999999999999994,0.4,0.0,0.12192307692307693,1,0,1
395,1,3,0.4166666666666667,0.0,0.3333333333333333,0.2569230769230769,0,0,1
396,0,3,0.375,0.0,0.0,0.11993538461538462,1,0,1
397,0,3,0.5624999999999999,0.0,0.0,0.12083384615384615,0,0,1
398,0,2,0.8749999999999999,0.0,0.0,0.4,1,0,1
399,0,2,0.3958333333333333,0.0,0.0,0.16153846153846155,1,0,1
400,1,2,0.49999999999999994,0.0,0.0,0.19461538461538463,0,0,1
401,1,3,0.7291666666666666,0.0,0.0,0.12192307692307693,1,0,1
402,0,3,0.4583333333333333,0.0,0.0,0.12384615384615387,1,0,1
403,0,3,0.3541666666666667,0.2,0.0,0.15115384615384614,0,0,1
404,0,3,0.49999999999999994,0.2,0.0,0.24384615384615385,1,0,1
405,0,3,0.3333333333333333,0.0,0.0,0.13326923076923078,0,0,1
406,0,2,0.6249999999999999,0.2,0.0,0.3230769230769231,1,0,1
407,0,3,0.9791666666666666,0.0,0.0,0.11923076923076924,1,0,1
409,0,3,0.3541666666666667,0.0,0.0,0.11961538461538462,1,0,1
410,0,3,0.49999999999999994,0.6000000000000001,0.16666666666666666,0.3917953846153846,0,0,1
411,0,3,0.49999999999999994,0.0,0.0,0.12147384615384617,1,0,1
412,0,3,0.49999999999999994,0.0,0.0,0.1055123076923077,1,1,0
414,0,2,0.49999999999999994,0.0,0.0,0.0,1,0,1
415,1,3,0.8333333333333333,0.0,0.0,0.12192307692307693,1,0,1
416,0,3,0.49999999999999994,0.0,0.0,0.12384615384615387,0,0,1
417,1,2,0.6249999999999999,0.2,0.16666666666666666,0.5,0,0,1
418,1,2,0.2916666666666667,0.0,0.3333333333333333,0.2,0,0,1
419,0,2,0.5416666666666666,0.0,0.0,0.2,1,0,1
420,0,3,0.12499999999999999,0.0,0.3333333333333333,0.37153846153846154,0,0,1
421,0,3,0.49999999999999994,0.0,0.0,0.12147384615384617,1,0,0
422,0,3,0.3541666666666667,0.0,0.0,0.11897384615384615,1,1,0
423,0,3,0.5208333333333333,0.0,0.0,0.12115384615384617,1,0,1
424,0,3,0.49999999999999994,0.2,0.16666666666666666,0.22153846153846155,0,0,1
425,0,3,0.2916666666666667,0.2,0.16666666666666666,0.31096153846153846,1,0,1
426,0,3,0.49999999999999994,0.0,0.0,0.11153846153846154,1,0,1
427,1,2,0.49999999999999994,0.2,0.0,0.4,0,0,1
428,1,2,0.3125,0.0,0.0,0.4,0,0,1
429,0,3,0.49999999999999994,0.0,0.0,0.11923076923076924,1,1,0
430,1,3,0.5833333333333333,0.0,0.0,0.12384615384615387,1,0,1
431,1,1,0.49999999999999994,0.0,0.0,0.4084615384615385,1,0,1
432,1,3,0.49999999999999994,0.2,0.0,0.24769230769230774,0,0,1
433,1,2,0.7916666666666666,0.2,0.0,0.4,0,0,1
434,0,3,0.2708333333333333,0.0,0.0,0.10961538461538461,1,0,1
435,0,1,0.9583333333333331,0.2,0.0,0.86,1,0,1
437,0,3,0.3541666666666667,0.4,0.3333333333333333,0.5288461538461539,0,0,1
438,1,2,0.4166666666666667,0.4,0.5,0.2884615384615385,0,0,1
440,0,2,0.5624999999999999,0.0,0.0,0.16153846153846155,1,0,1
441,1,2,0.8541666666666666,0.2,0.16666666666666666,0.40384615384615385,0,0,1
442,0,3,0.3333333333333333,0.0,0.0,0.14615384615384616,1,0,1
443,0,3,0.43749999999999994,0.2,0.0,0.11961538461538462,1,0,1
444,1,2,0.49999999999999994,0.0,0.0,0.2,0,0,1
445,1,3,0.49999999999999994,0.0,0.0,0.12480769230769233,1,0,1
447,1,2,0.1875,0.0,0.16666666666666666,0.30000000000000004,0,0,1
448,1,1,0.6249999999999999,0.0,0.0,0.4084615384615385,1,0,1
449,1,3,0.02083333333333333,0.4,0.16666666666666666,0.29628153846153843,0,0,0
450,1,1,0.9999999999999999,0.0,0.0,0.46923076923076923,1,0,1
451,0,2,0.6666666666666666,0.2,0.3333333333333333,0.42692307692307696,1,0,1
452,0,3,0.49999999999999994,0.2,0.0,0.30718,1,0,1
453,0,1,0.5416666666666666,0.0,0.0,0.42692307692307696,1,0,0
455,0,3,0.49999999999999994,0.0,0.0,0.12384615384615387,1,0,1
456,1,3,0.5208333333333333,0.0,0.0,0.12147384615384617,1,0,0
458,1,1,0.49999999999999994,0.2,0.0,0.7978846153846154,0,0,1
459,1,2,0.9583333333333331,0.0,0.0,0.16153846153846155,0,0,1
460,0,3,0.49999999999999994,0.0,0.0,0.11923076923076924,1,1,0
461,1,1,0.9166666666666666,0.0,0.0,0.4084615384615385,1,0,1
462,0,3,0.6249999999999999,0.0,0.0,0.12384615384615387,1,0,1
463,0,1,0.8958333333333333,0.0,0.0,0.5923076923076923,1,0,1
464,0,2,0.9166666666666666,0.0,0.0,0.2,1,0,1
465,0,3,0.49999999999999994,0.0,0.0,0.12384615384615387,1,0,1
466,0,3,0.7083333333333333,0.0,0.0,0.10846153846153847,1,0,1
467,0,2,0.49999999999999994,0.0,0.0,0.0,1,0,1
469,0,3,0.49999999999999994,0.0,0.0,0.11884615384615385,1,1,0
471,0,3,0.49999999999999994,0.0,0.0,0.11153846153846154,1,0,1
472,0,3,0.7083333333333333,0.0,0.0,0.13326923076923078,1,0,1
473,1,2,0.6041666666666666,0.2,0.3333333333333333,0.42692307692307696,0,0,1
474,1,2,0.3958333333333333,0.0,0.0,0.21218,0,0,0
475,0,3,0.375,0.0,0.0,0.15134615384615385,0,0,1
476,0,1,0.49999999999999994,0.0,0.0,0.8,1,0,1
477,0,2,0.6249999999999999,0.2,0.0,0.3230769230769231,1,0,1
478,0,3,0.5208333333333333,0.2,0.0,0.10839692307692309,1,0,1
479,0,3,0.375,0.0,0.0,0.11570461538461539,1,0,1
481,0,3,0.10416666666666667,1.0,0.3333333333333333,0.7215384615384616,1,0,1
482,0,2,0.49999999999999994,0.0,0.0,0.0,1,0,1
483,0,3,0.9583333333333331,0.0,0.0,0.12384615384615387,1,0,1
486,0,3,0.49999999999999994,0.6000000000000001,0.16666666666666666,0.3917953846153846,0,0,1
489,0,3,0.5416666666666666,0.0,0.0,0.12384615384615387,1,0,1
490,1,3,0.10416666666666667,0.2,0.16666666666666666,0.24461538461538462,1,0,1
491,0,3,0.49999999999999994,0.2,0.0,0.30718,1,0,1
492,0,3,0.3541666666666667,0.0,0.0,0.11153846153846154,1,0,1
495,0,3,0.3541666666666667,0.0,0.0,0.12384615384615387,1,0,1
496,0,3,0.49999999999999994,0.0,0.0,0.22243538461538462,1,0,0
498,0,3,0.49999999999999994,0.0,0.0,0.23230769230769233,1,0,1
500,0,3,0.4166666666666667,0.0,0.0,0.11993538461538462,1,0,1
501,0,3,0.2708333333333333,0.0,0.0,0.13326923076923078,1,0,1
502,0,3,0.3541666666666667,0.0,0.0,0.11923076923076924,0,1,0
503,0,3,0.49999999999999994,0.0,0.0,0.11737230769230769,0,1,0
504,0,3,0.6874999999999999,0.0,0.0,0.14750000000000002,0,0,1
507,1,2,0.6041666666666666,0.0,0.3333333333333333,0.4,0,0,1
508,1,1,0.49999999999999994,0.0,0.0,0.4084615384615385,1,0,1
509,0,3,0.49999999999999994,0.0,0.0,0.3465384615384615,1,0,1
510,1,3,0.4583333333333333,0.0,0.0,0.8691661538461539,1,0,1
511,1,3,0.5208333333333333,0.0,0.0,0.11923076923076924,1,1,0
512,0,3,0.49999999999999994,0.0,0.0,0.12384615384615387,1,0,1
513,1,1,0.6666666666666666,0.0,0.0,0.40442307692307694,1,0,1
515,0,3,0.4166666666666667,0.0,0.0,0.11532,1,0,1
516,0,1,0.8958333333333333,0.0,0.0,0.5233969230769231,1,0,1
517,1,2,0.6249999999999999,0.0,0.0,0.16153846153846155,0,0,1
518,0,3,0.49999999999999994,0.0,0.0,0.37153846153846154,1,1,0
519,1,2,0.6666666666666666,0.2,0.0,0.4,0,0,1
520,0,3,0.5833333333333333,0.0,0.0,0.12147384615384617,1,0,1
522,0,3,0.375,0.0,0.0,0.12147384615384617,1,0,1
523,0,3,0.49999999999999994,0.0,0.0,0.11115384615384616,1,0,0
524,1,1,0.8333333333333333,0.0,0.16666666666666666,0.8919876923076924,0,0,0
525,0,3,0.49999999999999994,0.0,0.0,0.11121846153846154,1,0,0
526,0,3,0.7604166666666666,0.0,0.0,0.11923076923076924,1,1,0
527,1,2,0.9583333333333331,0.0,0.0,0.16153846153846155,0,0,1
529,0,3,0.7291666666666666,0.0,0.0,0.12192307692307693,1,0,1
530,0,2,0.3958333333333333,0.4,0.16666666666666666,0.17692307692307693,1,0,1
532,0,3,0.49999999999999994,0.0,0.0,0.11121846153846154,1,0,0
533,0,3,0.2708333333333333,0.2,0.16666666666666666,0.11121846153846154,1,0,0
534,1,3,0.49999999999999994,0.0,0.3333333333333333,0.3439738461538462,0,0,0
535,0,3,0.5416666666666666,0.0,0.0,0.13326923076923078,0,0,1
536,1,2,0.062499999999999986,0.0,0.3333333333333333,0.40384615384615385,0,0,1
537,0,1,0.8541666666666666,0.0,0.0,0.4084615384615385,1,0,1
539,0,3,0.49999999999999994,0.0,0.0,0.2230769230769231,1,0,1
540,1,1,0.375,0.0,0.3333333333333333,0.7615384615384616,0,0,0
542,0,3,0.10416666666666667,0.8,0.3333333333333333,0.48115384615384615,0,0,1
543,0,3,0.14583333333333331,0.8,0.3333333333333333,0.48115384615384615,0,0,1
544,1,2,0.5833333333333333,0.2,0.0,0.4,1,0,1
547,1,2,0.3125,0.2,0.0,0.4,0,0,1
548,1,2,0.49999999999999994,0.0,0.0,0.2132692307692308,1,0,0
549,0,3,0.6041666666666666,0.2,0.16666666666666666,0.31576923076923075,1,0,1
550,1,2,0.08333333333333333,0.2,0.16666666666666666,0.5653846153846154,1,0,1
552,0,2,0.4791666666666667,0.0,0.0,0.4,1,0,1
553,0,3,0.49999999999999994,0.0,0.0,0.12044923076923078,1,1,0
554,1,3,0.375,0.0,0.0,0.11115384615384616,1,0,0
555,1,3,0.375,0.0,0.0,0.11961538461538462,0,0,1
557,1,1,0.9166666666666666,0.2,0.0,0.6092307692307692,0,0,0
560,1,3,0.6666666666666666,0.2,0.0,0.2676923076923077,0,0,1
561,0,3,0.49999999999999994,0.0,0.0,0.11923076923076924,1,1,0
562,0,3,0.7499999999999999,0.0,0.0,0.12147384615384617,1,0,1
563,0,2,0.49999999999999994,0.0,0.0,0.2076923076923077,1,0,1
564,0,3,0.49999999999999994,0.0,0.0,0.12384615384615387,1,0,1
565,0,3,0.49999999999999994,0.0,0.0,0.12384615384615387,0,0,1
566,0,3,0.4166666666666667,0.4,0.0,0.37153846153846154,1,0,1
567,0,3,0.3125,0.0,0.0,0.12147384615384617,1,0,1
568,0,3,0.5208333333333333,0.0,0.6666666666666666,0.3242307692307692,0,0,1
569,0,3,0.49999999999999994,0.0,0.0,0.11121846153846154,1,0,0
570,1,3,0.5833333333333333,0.0,0.0,0.12083384615384615,1,0,1
573,1,1,0.6666666666666666,0.0,0.0,0.4059615384615385,1,0,1
574,1,3,0.49999999999999994,0.0,0.0,0.11923076923076924,0,1,0
575,0,3,0.25,0.0,0.0,0.12384615384615387,1,0,1
576,0,3,0.3125,0.0,0.0,0.2230769230769231,1,0,1
577,1,2,0.6249999999999999,0.0,0.0,0.2,0,0,1
578,1,1,0.7291666666666666,0.2,0.0,0.86,0,0,1
579,0,3,0.49999999999999994,0.2,0.0,0.22243538461538462,0,0,0
580,1,3,0.5833333333333333,0.0,0.0,0.12192307692307693,1,0,1
581,1,2,0.43749999999999994,0.2,0.16666666666666666,0.46153846153846156,0,0,1
584,0,1,0.6666666666666666,0.0,0.0,0.6173076923076923,1,0,0
585,0,3,0.49999999999999994,0.0,0.0,0.13403846153846155,1,0,0
587,0,2,0.8958333333333333,0.0,0.0,0.23076923076923078,1,0,1
589,0,3,0.375,0.0,0.0,0.12384615384615387,1,0,1
590,0,3,0.49999999999999994,0.0,0.0,0.12384615384615387,1,0,1
591,0,3,0.6458333333333333,0.0,0.0,0.10961538461538461,1,0,1
593,0,3,0.8958333333333333,0.0,0.0,0.11153846153846154,1,0,1
594,0,3,0.49999999999999994,0.0,0.3333333333333333,0.11923076923076924,0,1,0
595,0,2,0.6874999999999999,0.2,0.0,0.4,1,0,1
596,0,3,0.6666666666666666,0.2,0.16666666666666666,0.37153846153846154,1,0,1
597,1,2,0.49999999999999994,0.0,0.0,0.5076923076923077,0,0,1
598,0,3,0.9374999999999999,0.0,0.0,0.0,1,0,1
599,0,3,0.49999999999999994,0.0,0.0,0.11115384615384616,1,0,0
600,1,1,0.9374999999999999,0.2,0.0,0.8758338461538462,1,0,0
601,1,2,0.4166666666666667,0.4,0.16666666666666666,0.4153846153846154,0,0,1
602,0,3,0.49999999999999994,0.0,0.0,0.12147384615384617,1,0,1
603,0,1,0.49999999999999994,0.0,0.0,0.6523076923076924,1,0,1
604,0,3,0.8333333333333333,0.0,0.0,0.12384615384615387,1,0,1
605,1,1,0.6458333333333333,0.0,0.0,0.4084615384615385,1,0,0
606,0,3,0.6666666666666666,0.2,0.0,0.23923076923076925,1,0,1
607,0,3,0.5416666666666666,0.0,0.0,0.12147384615384617,1,0,1
608,1,1,0.4791666666666667,0.0,0.0,0.46923076923076923,1,0,1
609,1,2,0.375,0.2,0.3333333333333333,0.63968,0,0,0
611,0,3,0.7291666666666666,0.2,0.8333333333333333,0.48115384615384615,0,0,1
612,0,3,0.49999999999999994,0.0,0.0,0.10846153846153847,1,0,1
613,1,3,0.49999999999999994,0.2,0.0,0.23846153846153847,0,1,0
614,0,3,0.49999999999999994,0.0,0.0,0.11923076923076924,1,1,0
615,0,3,0.6458333333333333,0.0,0.0,0.12384615384615387,1,0,1
616,1,2,0.4166666666666667,0.2,0.3333333333333333,1.0,0,0,1
617,0,3,0.6249999999999999,0.2,0.16666666666666666,0.22153846153846155,1,0,1
618,0,3,0.4583333333333333,0.2,0.0,0.24769230769230774,0,0,1
619,1,2,0.0,0.4,0.16666666666666666,0.6000000000000001,0,0,1
620,0,2,0.4583333333333333,0.0,0.0,0.16153846153846155,1,0,1
621,0,3,0.4791666666666667,0.2,0.0,0.2223723076923077,1,0,0
622,1,1,0.7916666666666666,0.2,0.0,0.8085261538461539,1,0,1
623,1,3,0.3333333333333333,0.2,0.16666666666666666,0.24218,1,0,0
624,0,3,0.3541666666666667,0.0,0.0,0.12083384615384615,1,0,1
625,0,3,0.3541666666666667,0.0,0.0,0.24769230769230774,1,0,1
629,0,3,0.4583333333333333,0.0,0.0,0.12147384615384617,1,0,1
630,0,3,0.49999999999999994,0.0,0.0,0.11897384615384615,1,1,0
632,0,3,0.9791666666666666,0.0,0.0,0.10852615384615386,1,0,1
633,1,1,0.5833333333333333,0.0,0.0,0.46923076923076923,1,0,0
634,0,1,0.49999999999999994,0.0,0.0,0.0,1,0,1
635,0,3,0.10416666666666667,0.6000000000000001,0.3333333333333333,0.42923076923076925,0,0,1
636,1,2,0.49999999999999994,0.0,0.0,0.2,0,0,1
637,0,3,0.5833333333333333,0.0,0.0,0.12192307692307693,1,0,1
638,0,2,0.5624999999999999,0.2,0.16666666666666666,0.40384615384615385,1,0,1
639,0,3,0.7708333333333333,0.0,0.8333333333333333,0.6105769230769231,0,0,1
640,0,3,0.49999999999999994,0.2,0.0,0.24769230769230774,1,0,1
641,0,3,0.3333333333333333,0.0,0.0,0.12083384615384615,1,0,1
644,1,3,0.49999999999999994,0.0,0.0,0.8691661538461539,1,0,1
647,0,3,0.3125,0.0,0.0,0.12147384615384617,1,0,1
649,0,3,0.49999999999999994,0.0,0.0,0.11615384615384616,1,0,1
650,1,3,0.3958333333333333,0.0,0.0,0.11615384615384616,0,0,1
651,0,3,0.49999999999999994,0.0,0.0,0.12147384615384617,1,0,1
652,1,2,0.2916666666666667,0.0,0.16666666666666666,0.35384615384615387,0,0,1
653,0,3,0.3541666666666667,0.0,0.0,0.1297430769230769,1,0,1
654,1,3,0.49999999999999994,0.0,0.0,0.12044923076923078,0,1,0
655,0,3,0.2916666666666667,0.0,0.0,0.10384615384615385,0,1,0
657,0,3,0.49999999999999994,0.0,0.0,0.12147384615384617,1,0,1
658,0,3,0.5833333333333333,0.2,0.16666666666666666,0.23846153846153847,0,1,0
659,0,2,0.3958333333333333,0.0,0.0,0.2,1,0,1
662,0,3,0.7499999999999999,0.0,0.0,0.11115384615384616,1,0,0
663,0,1,0.8958333333333333,0.0,0.0,0.39365384615384613,1,0,1
664,0,3,0.6666666666666666,0.0,0.0,0.11532,1,0,1
665,1,3,0.3333333333333333,0.2,0.0,0.12192307692307693,1,0,1
667,0,2,0.43749999999999994,0.0,0.0,0.2,1,0,1
668,0,3,0.49999999999999994,0.0,0.0,0.11961538461538462,1,0,1
669,0,3,0.8124999999999999,0.0,0.0,0.12384615384615387,1,0,1
670,1,1,0.49999999999999994,0.2,0.0,0.8,0,0,1
671,1,2,0.7499999999999999,0.2,0.16666666666666666,0.6000000000000001,0,0,1
672,0,1,0.5624999999999999,0.2,0.0,0.8,1,0,1
674,1,2,0.5624999999999999,0.0,0.0,0.2,1,0,1
675,0,2,0.49999999999999994,0.0,0.0,0.0,1,0,1
676,0,3,0.2916666666666667,0.0,0.0,0.11961538461538462,1,0,1
677,0,3,0.4270833333333333,0.0,0.0,0.12384615384615387,1,0,1
678,1,3,0.2916666666666667,0.0,0.0,0.15141076923076924,0,0,1
679,0,3,0.8124999999999999,0.2,1.0,0.7215384615384616,0,0,1
681,0,3,0.49999999999999994,0.0,0.0,0.12519230769230769,0,1,0
683,0,3,0.3333333333333333,0.0,0.0,0.14192307692307693,1,0,1
684,0,3,0.20833333333333331,1.0,0.3333333333333333,0.7215384615384616,1,0,1
686,0,2,0.43749999999999994,0.2,0.3333333333333333,0.63968,1,0,0
687,0,3,0.20833333333333331,0.8,0.16666666666666666,0.6105769230769231,1,0,1
688,0,3,0.3125,0.0,0.0,0.15647384615384616,1,0,1
689,0,3,0.2916666666666667,0.0,0.0,0.11993538461538462,1,0,1
691,1,1,0.5624999999999999,0.2,0.0,0.8769230769230769,1,0,1
692,1,3,0.0,0.0,0.16666666666666666,0.20641076923076926,0,0,0
693,1,3,0.49999999999999994,0.0,0.0,0.8691661538461539,1,0,1
694,0,3,0.43749999999999994,0.0,0.0,0.11115384615384616,1,0,0
696,0,2,0.9999999999999999,0.0,0.0,0.2076923076923077,1,0,1
697,0,3,0.8333333333333333,0.0,0.0,0.12384615384615387,1,0,1
698,1,3,0.49999999999999994,0.0,0.0,0.11897384615384615,0,1,0
700,0,3,0.7916666666666666,0.0,0.0,0.11769230769230771,1,0,1
702,1,1,0.6458333333333333,0.0,0.0,0.40442307692307694,1,0,1
703,0,3,0.2916666666666667,0.0,0.16666666666666666,0.2223723076923077,0,0,0
704,0,3,0.43749999999999994,0.0,0.0,0.11910307692307692,1,1,0
705,0,3,0.4583333333333333,0.2,0.0,0.12083384615384615,1,0,1
706,0,2,0.7291666666666666,0.0,0.0,0.4,1,0,1
707,1,2,0.8541666666666666,0.0,0.0,0.2076923076923077,0,0,1
708,1,1,0.7916666666666666,0.0,0.0,0.40442307692307694,1,0,1
710,1,3,0.49999999999999994,0.2,0.16666666666666666,0.23455076923076923,1,0,0
711,1,1,0.4166666666666667,0.0,0.0,0.7616030769230769,0,0,0
712,0,1,0.49999999999999994,0.0,0.0,0.4084615384615385,1,0,1
713,1,1,0.9166666666666666,0.2,0.0,0.8,1,0,1
714,0,3,0.5208333333333333,0.0,0.0,0.1458969230769231,1,0,1
715,0,2,0.9999999999999999,0.0,0.0,0.2,1,0,1
716,0,3,0.3125,0.0,0.0,0.11769230769230771,1,0,1
718,1,2,0.4791666666666667,0.0,0.0,0.16153846153846155,0,0,1
719,0,3,0.49999999999999994,0.0,0.0,0.23846153846153847,1,1,0
720,0,3,0.6041666666666666,0.0,0.0,0.11961538461538462,1,0,1
721,1,2,0.04166666666666667,0.0,0.16666666666666666,0.5076923076923077,0,0,1
722,0,3,0.2708333333333333,0.2,0.0,0.10852615384615386,1,0,1
723,0,2,0.6249999999999999,0.0,0.0,0.2,1,0,1
724,0,2,0.9583333333333331,0.0,0.0,0.2,1,0,1
725,1,1,0.4791666666666667,0.2,0.0,0.816923076923077,1,0,1
726,0,3,0.3333333333333333,0.0,0.0,0.13326923076923078,1,0,1
727,1,2,0.5416666666666666,0.6000000000000001,0.0,0.3230769230769231,0,0,1
728,1,3,0.49999999999999994,0.0,0.0,0.11903846153846154,0,1,0
729,0,2,0.43749999999999994,0.2,0.0,0.4,1,0,1
730,0,3,0.43749999999999994,0.2,0.0,0.12192307692307693,0,0,1
732,0,3,0.14583333333333331,0.0,0.0,0.2890384615384616,1,0,0
733,0,2,0.49999999999999994,0.0,0.0,0.0,1,0,1
734,0,2,0.3958333333333333,0.0,0.0,0.2,1,0,1
735,0,2,0.3958333333333333,0.0,0.0,0.2,1,0,1
736,0,3,0.5104166666666666,0.0,0.0,0.24769230769230774,1,0,1
737,0,3,0.9166666666666666,0.2,0.5,0.5288461538461539,0,0,1
739,0,3,0.49999999999999994,0.0,0.0,0.12147384615384617,1,0,1
740,0,3,0.49999999999999994,0.0,0.0,0.12147384615384617,1,0,1
741,1,1,0.49999999999999994,0.0,0.0,0.46153846153846156,1,0,1
744,0,3,0.4166666666666667,0.2,0.0,0.24769230769230774,1,0,1
745,1,3,0.5624999999999999,0.0,0.0,0.12192307692307693,1,0,1
747,0,3,0.25,0.2,0.16666666666666666,0.31153846153846154,1,0,1
748,1,2,0.5416666666666666,0.0,0.0,0.2,0,0,1
749,0,1,0.3125,0.2,0.0,0.816923076923077,1,0,1
750,0,3,0.5624999999999999,0.0,0.0,0.11923076923076924,1,1,0
751,1,2,0.0,0.2,0.16666666666666666,0.35384615384615387,0,0,1
752,1,3,0.04166666666666667,0.0,0.16666666666666666,0.19192307692307692,1,0,1
753,0,3,0.6041666666666666,0.0,0.0,0.14615384615384616,1,0,1
754,0,3,0.3958333333333333,0.0,0.0,0.12147384615384617,1,0,1
755,1,2,0.9166666666666666,0.2,0.3333333333333333,1.0,0,0,1
757,0,3,0.49999999999999994,0.0,0.0,0.11993538461538462,1,0,1
758,0,2,0.2916666666666667,0.0,0.0,0.17692307692307693,1,0,1
759,0,3,0.6249999999999999,0.0,0.0,0.12384615384615387,1,0,1
761,0,3,0.49999999999999994,0.0,0.0,0.2230769230769231,1,0,1
762,0,3,0.7708333333333333,0.0,0.0,0.10961538461538461,1,0,1
763,1,3,0.3333333333333333,0.0,0.0,0.11121846153846154,1,0,0
765,0,3,0.25,0.0,0.0,0.11961538461538462,1,0,1
767,0,1,0.49999999999999994,0.0,0.0,0.6092307692307692,1,0,0
768,0,3,0.5520833333333333,0.0,0.0,0.11923076923076924,0,1,0
769,0,3,0.49999999999999994,0.2,0.0,0.37153846153846154,1,1,0
770,0,3,0.5833333333333333,0.0,0.0,0.12865384615384617,1,0,1
771,0,3,0.4166666666666667,0.0,0.0,0.14615384615384616,1,0,1
772,0,3,0.9166666666666666,0.0,0.0,0.12083384615384615,1,0,1
774,0,3,0.49999999999999994,0.0,0.0,0.11115384615384616,1,0,0
776,0,3,0.2916666666666667,0.0,0.0,0.11923076923076924,1,0,1
777,0,3,0.49999999999999994,0.0,0.0,0.11923076923076924,1,1,0
778,1,3,0.02083333333333333,0.0,0.0,0.19192307692307692,0,0,1
779,0,3,0.49999999999999994,0.0,0.0,0.11903846153846154,1,1,0
781,1,3,0.1875,0.0,0.0,0.11121846153846154,0,0,0
782,1,1,0.2708333333333333,0.2,0.0,0.8769230769230769,0,0,1
783,0,1,0.5208333333333333,0.0,0.0,0.46153846153846156,1,0,1
784,0,3,0.49999999999999994,0.2,0.3333333333333333,0.3607692307692308,1,0,1
785,0,3,0.43749999999999994,0.0,0.0,0.10846153846153847,1,0,1
786,0,3,0.43749999999999994,0.0,0.0,0.11153846153846154,1,0,1
787,1,3,0.2916666666666667,0.0,0.0,0.11532,0,0,1
788,0,3,0.08333333333333333,0.8,0.16666666666666666,0.4480769230769231,1,1,0
791,0,3,0.49999999999999994,0.0,0.0,0.11923076923076924,1,1,0
792,0,2,0.25,0.0,0.0,0.4,1,0,1
794,0,1,0.49999999999999994,0.0,0.0,0.47224307692307693,1,0,0
795,0,3,0.43749999999999994,0.0,0.0,0.12147384615384617,1,0,1
796,0,2,0.7291666666666666,0.0,0.0,0.2,1,0,1
797,1,1,0.9374999999999999,0.0,0.0,0.3989107692307693,0,0,1
798,1,3,0.5624999999999999,0.0,0.0,0.13358923076923077,0,0,1
799,0,3,0.5416666666666666,0.0,0.0,0.11121846153846154,1,0,0
800,0,3,0.5416666666666666,0.2,0.16666666666666666,0.37153846153846154,0,0,1
801,0,2,0.6249999999999999,0.0,0.0,0.2,1,0,1
802,1,2,0.5624999999999999,0.2,0.16666666666666666,0.40384615384615385,0,0,1
805,1,3,0.4791666666666667,0.0,0.0,0.10730769230769231,1,0,1
806,0,3,0.5624999999999999,0.0,0.0,0.11961538461538462,1,0,1
807,0,1,0.7291666666666666,0.0,0.0,0.0,1,0,1
808,0,3,0.2916666666666667,0.0,0.0,0.11961538461538462,0,0,1
809,0,2,0.7291666666666666,0.0,0.0,0.2,1,0,1
810,1,1,0.6041666666666666,0.2,0.0,0.816923076923077,0,0,1
811,0,3,0.4583333333333333,0.0,0.0,0.12134615384615385,1,0,1
812,0,3,0.7291666666666666,0.0,0.0,0.37153846153846154,1,0,1
813,0,2,0.6458333333333333,0.0,0.0,0.16153846153846155,1,0,1
814,0,3,0.04166666666666667,0.8,0.3333333333333333,0.48115384615384615,0,0,1
815,0,3,0.5520833333333333,0.0,0.0,0.12384615384615387,1,0,1
816,0,1,0.49999999999999994,0.0,0.0,0.0,1,0,1
817,0,3,0.3958333333333333,0.0,0.0,0.12192307692307693,0,0,1
818,0,2,0.5624999999999999,0.2,0.16666666666666666,0.5692953846153846,1,0,0
819,0,3,0.8124999999999999,0.0,0.0,0.09923076923076923,1,0,1
820,0,3,0.12499999999999999,0.6000000000000001,0.3333333333333333,0.42923076923076925,1,0,1
822,1,3,0.4791666666666667,0.0,0.0,0.13326923076923078,1,0,1
823,0,1,0.7083333333333333,0.0,0.0,0.0,1,0,1
824,1,3,0.4791666666666667,0.0,0.16666666666666666,0.19192307692307692,0,0,1
826,0,3,0.49999999999999994,0.0,0.0,0.10692307692307693,1,1,0
827,0,3,0.49999999999999994,0.0,0.0,0.8691661538461539,1,0,1
829,1,3,0.49999999999999994,0.0,0.0,0.11923076923076924,1,1,0
831,1,3,0.22916666666666669,0.2,0.0,0.2223723076923077,0,0,0
833,0,3,0.49999999999999994,0.0,0.0,0.11121846153846154,1,0,0
834,0,3,0.3958333333333333,0.0,0.0,0.12083384615384615,1,0,1
835,0,3,0.2916666666666667,0.0,0.0,0.12769230769230772,1,0,1
837,0,3,0.3541666666666667,0.0,0.0,0.13326923076923078,1,0,1
838,0,3,0.49999999999999994,0.0,0.0,0.12384615384615387,1,0,1
839,1,3,0.5833333333333333,0.0,0.0,0.8691661538461539,1,0,1
840,1,1,0.49999999999999994,0.0,0.0,0.45692307692307693,1,0,0
841,0,3,0.3333333333333333,0.0,0.0,0.12192307692307693,1,0,1
842,0,2,0.25,0.0,0.0,0.16153846153846155,1,0,1
843,1,1,0.5416666666666666,0.0,0.0,0.47692307692307695,0,0,0
844,0,3,0.6354166666666666,0.0,0.0,0.09903846153846155,1,0,0
845,0,3,0.2708333333333333,0.0,0.0,0.13326923076923078,1,0,1
846,0,3,0.7916666666666666,0.0,0.0,0.11615384615384616,1,0,1
848,0,3,0.6458333333333333,0.0,0.0,0.12147384615384617,1,0,0
849,0,2,0.49999999999999994,0.0,0.16666666666666666,0.5076923076923077,1,0,1
851,0,3,0.0,0.8,0.3333333333333333,0.48115384615384615,1,0,1
853,0,3,0.10416666666666667,0.2,0.16666666666666666,0.23455076923076923,0,0,0
854,1,1,0.25,0.0,0.16666666666666666,0.6061538461538462,0,0,1
855,0,2,0.8333333333333333,0.2,0.0,0.4,0,0,1
856,1,3,0.2916666666666667,0.0,0.16666666666666666,0.14384615384615385,0,0,1
858,1,1,0.9791666666666666,0.0,0.0,0.4084615384615385,1,0,1
859,1,3,0.4166666666666667,0.0,0.5,0.29628153846153843,0,0,0
860,0,3,0.49999999999999994,0.0,0.0,0.11121846153846154,1,0,0
861,0,3,0.7708333333333333,0.4,0.0,0.21705076923076924,1,0,1
862,0,2,0.3541666666666667,0.2,0.0,0.17692307692307693,1,0,1
863,1,1,0.9166666666666666,0.0,0.0,0.3989107692307693,0,0,1
865,0,2,0.4166666666666667,0.0,0.0,0.2,1,0,1
866,1,2,0.7916666666666666,0.0,0.0,0.2,0,0,1
867,1,2,0.4791666666666667,0.2,0.0,0.21320461538461538,0,0,0
868,0,1,0.5624999999999999,0.0,0.0,0.7768584615384616,1,0,1
869,0,3,0.49999999999999994,0.0,0.0,0.14615384615384616,1,0,1
870,1,3,0.0,0.2,0.16666666666666666,0.17128153846153849,1,0,1
871,0,3,0.4583333333333333,0.0,0.0,0.12147384615384617,1,0,1
872,1,1,0.8958333333333333,0.2,0.16666666666666666,0.8085261538461539,0,0,1
873,0,1,0.6041666666666666,0.0,0.0,0.07692307692307693,1,0,1
874,0,3,0.8958333333333333,0.0,0.0,0.13846153846153847,1,0,1
875,1,2,0.49999999999999994,0.2,0.0,0.36923076923076925,0,0,0
876,1,3,0.22916666666666669,0.0,0.0,0.11115384615384616,0,0,0
877,0,3,0.3333333333333333,0.0,0.0,0.15147384615384618,1,0,1
878,0,3,0.3125,0.0,0.0,0.12147384615384617,1,0,1
879,0,3,0.49999999999999994,0.0,0.0,0.12147384615384617,1,0,1
881,1,2,0.43749999999999994,0.0,0.16666666666666666,0.4,0,0,1
882,0,3,0.6041666666666666,0.0,0.0,0.12147384615384617,1,0,1
883,0,3,0.375,0.0,0.0,0.16179538461538462,0,0,1
884,0,2,0.49999999999999994,0.0,0.0,0.16153846153846155,1,0,1
885,0,3,0.43749999999999994,0.0,0.0,0.10846153846153847,1,0,1
886,0,3,0.7291666666666666,0.0,0.8333333333333333,0.4480769230769231,0,1,0
887,0,2,0.4791666666666667,0.0,0.0,0.2,1,0,1
888,1,1,0.3125,0.0,0.0,0.46153846153846156,0,0,1
889,0,3,0.49999999999999994,0.2,0.3333333333333333,0.3607692307692308,0,0,1
890,1,1,0.4583333333333333,0.0,0.0,0.46153846153846156,1,0,0
891,0,3,0.5833333333333333,0.0,0.0,0.11923076923076924,1,1,0
